,Año,Trimestre,Provincia,Accesos por cada 100 hab
0,2024,1,Buenos Aires,27.8
1,2024,1,Capital Federal,48.78
2,2024,1,Catamarca,17.5
3,2024,1,Chaco,12.48
4,2024,1,Chubut,26.02
5,2024,1,Córdoba,27.77
6,2024,1,Corrientes,13.68
7,2024,1,Entre Ríos,20.72
8,2024,1,Formosa,10.08
9,2024,1,Jujuy,14.74
10,2024,1,La Pampa,33.11
11,2024,1,La Rioja,21.3
12,2024,1,Mendoza,14.67
13,2024,1,Misiones,15.46
14,2024,1,Neuquén,23.66
15,2024,1,Río Negro,21.88
16,2024,1,Salta,13.63
17,2024,1,San Juan,13.15
18,2024,1,San Luis,29.39
19,2024,1,Santa Cruz,20.1
20,2024,1,Santa Fe,25.28
21,2024,1,Santiago Del Estero,12.26
22,2024,1,Tierra Del Fuego,32.54
23,2024,1,Tucumán,14.98
24,2023,4,Buenos Aires,27.68
25,2023,4,Capital Federal,47.8
26,2023,4,Catamarca,17.46
27,2023,4,Chaco,11.85
28,2023,4,Chubut,26.04
29,2023,4,Córdoba,27.76
30,2023,4,Corrientes,13.84
31,2023,4,Entre Ríos,20.91
32,2023,4,Formosa,9.98
33,2023,4,Jujuy,14.77
34,2023,4,La Pampa,32.93
35,2023,4,La Rioja,21.35
36,2023,4,Mendoza,14.55
37,2023,4,Misiones,15.33
38,2023,4,Neuquén,23.78
39,2023,4,Río Negro,21.61
40,2023,4,Salta,13.8
41,2023,4,San Juan,12.75
42,2023,4,San Luis,29.21
43,2023,4,Santa Cruz,21.94
44,2023,4,Santa Fe,25.08
45,2023,4,Santiago Del Estero,12.18
46,2023,4,Tierra Del Fuego,32.75
47,2023,4,Tucumán,15.12
48,2023,3,Buenos Aires,27.5
49,2023,3,Capital Federal,47.6
50,2023,3,Catamarca,17.44
51,2023,3,Chaco,11.46
52,2023,3,Chubut,25.82
53,2023,3,Córdoba,27.57
54,2023,3,Corrientes,13.9
55,2023,3,Entre Ríos,20.58
56,2023,3,Formosa,9.89
57,2023,3,Jujuy,14.73
58,2023,3,La Pampa,32.62
59,2023,3,La Rioja,21.41
60,2023,3,Mendoza,14.52
61,2023,3,Misiones,15.12
62,2023,3,Neuquén,23.8
63,2023,3,Río Negro,21.04
64,2023,3,Salta,13.94
65,2023,3,San Juan,12.85
66,2023,3,San Luis,28.2
67,2023,3,Santa Cruz,12.17
68,2023,3,Santa Fe,24.87
69,2023,3,Santiago Del Estero,12.08
70,2023,3,Tierra Del Fuego,31.41
71,2023,3,Tucumán,15.17
72,2023,2,Buenos Aires,27.1
73,2023,2,Capital Federal,47.27
74,2023,2,Catamarca,17.15
75,2023,2,Chaco,11.46
76,2023,2,Chubut,25.28
77,2023,2,Córdoba,27.59
78,2023,2,Corrientes,13.79
79,2023,2,Entre Ríos,19.26
80,2023,2,Formosa,9.75
81,2023,2,Jujuy,14.78
82,2023,2,La Pampa,32.4
83,2023,2,La Rioja,21.3
84,2023,2,Mendoza,14.54
85,2023,2,Misiones,15.03
86,2023,2,Neuquén,23.5
87,2023,2,Río Negro,21.09
88,2023,2,Salta,13.92
89,2023,2,San Juan,12.1
90,2023,2,San Luis,26.73
91,2023,2,Santa Cruz,12.39
92,2023,2,Santa Fe,24.79
93,2023,2,Santiago Del Estero,11.7
94,2023,2,Tierra Del Fuego,31.54
95,2023,2,Tucumán,15.05
96,2023,1,Buenos Aires,26.81
97,2023,1,Capital Federal,50.23
98,2023,1,Catamarca,16.83
99,2023,1,Chaco,11.53
100,2023,1,Chubut,26.32
101,2023,1,Córdoba,27.2
102,2023,1,Corrientes,13.71
103,2023,1,Entre Ríos,19.37
104,2023,1,Formosa,9.87
105,2023,1,Jujuy,14.88
106,2023,1,La Pampa,31.81
107,2023,1,La Rioja,21.23
108,2023,1,Mendoza,14.34
109,2023,1,Misiones,14.7
110,2023,1,Neuquén,23.38
111,2023,1,Río Negro,21.27
112,2023,1,Salta,13.97
113,2023,1,San Juan,12.67
114,2023,1,San Luis,25.8
115,2023,1,Santa Cruz,12.92
116,2023,1,Santa Fe,24.57
117,2023,1,Santiago Del Estero,11.8
118,2023,1,Tierra Del Fuego,30.9
119,2023,1,Tucumán,14.95
120,2022,4,Buenos Aires,26.72
121,2022,4,Capital Federal,50.35
122,2022,4,Catamarca,16.73
123,2022,4,Chaco,11.66
124,2022,4,Chubut,26.23
125,2022,4,Córdoba,27.26
126,2022,4,Corrientes,13.6
127,2022,4,Entre Ríos,19.14
128,2022,4,Formosa,10.03
129,2022,4,Jujuy,14.95
130,2022,4,La Pampa,31.23
131,2022,4,La Rioja,21.26
132,2022,4,Mendoza,14.33
133,2022,4,Misiones,14.39
134,2022,4,Neuquén,23.41
135,2022,4,Río Negro,21.04
136,2022,4,Salta,14.04
137,2022,4,San Juan,12.96
138,2022,4,San Luis,25.83
139,2022,4,Santa Cruz,12.95
140,2022,4,Santa Fe,24.65
141,2022,4,Santiago Del Estero,11.92
142,2022,4,Tierra Del Fuego,30.07
143,2022,4,Tucumán,15.12
144,2022,3,Buenos Aires,26.37
145,2022,3,Capital Federal,50.22
146,2022,3,Catamarca,16.62
147,2022,3,Chaco,11.72
148,2022,3,Chubut,25.86
149,2022,3,Córdoba,27.04
150,2022,3,Corrientes,12.69
151,2022,3,Entre Ríos,19.04
152,2022,3,Formosa,11.14
153,2022,3,Jujuy,15.06
154,2022,3,La Pampa,31.82
155,2022,3,La Rioja,21.47
156,2022,3,Mendoza,14.24
157,2022,3,Misiones,14.11
158,2022,3,Neuquén,23.92
159,2022,3,Río Negro,20.91
160,2022,3,Salta,13.99
161,2022,3,San Juan,12.94
162,2022,3,San Luis,23.39
163,2022,3,Santa Cruz,12.85
164,2022,3,Santa Fe,24.7
165,2022,3,Santiago Del Estero,11.91
166,2022,3,Tierra Del Fuego,29.5
167,2022,3,Tucumán,15.14
168,2022,2,Buenos Aires,26.12927127832741
169,2022,2,Capital Federal,49.873561256261084
170,2022,2,Catamarca,15.871790195247085
171,2022,2,Chaco,11.70254390369554
172,2022,2,Chubut,25.499919336270644
173,2022,2,Córdoba,26.781590841133493
174,2022,2,Corrientes,12.732146965383649
175,2022,2,Entre Ríos,19.10468595065942
176,2022,2,Formosa,11.049814591140093
177,2022,2,Jujuy,14.656913524540677
178,2022,2,La Pampa,30.632721559665786
179,2022,2,La Rioja,21.331409216914373
180,2022,2,Mendoza,13.782233784570575
181,2022,2,Misiones,13.89002818196789
182,2022,2,Neuquén,23.81745752817118
183,2022,2,Río Negro,20.867543527383393
184,2022,2,Salta,13.936010557448652
185,2022,2,San Juan,12.597912455631214
186,2022,2,San Luis,23.396972678771853
187,2022,2,Santa Cruz,12.83962283852644
188,2022,2,Santa Fe,24.495906799164608
189,2022,2,Santiago Del Estero,11.836737968128928
190,2022,2,Tierra Del Fuego,29.60495526496903
191,2022,2,Tucumán,14.6914572899128
192,2022,1,Buenos Aires,25.563030152028354
193,2022,1,Capital Federal,46.01434762144353
194,2022,1,Catamarca,14.805619574995312
195,2022,1,Chaco,11.775342040436145
196,2022,1,Chubut,26.988759663104396
197,2022,1,Córdoba,26.255262218351167
198,2022,1,Corrientes,12.545281287312793
199,2022,1,Entre Ríos,19.04540527092108
200,2022,1,Formosa,8.896427435598431
201,2022,1,Jujuy,14.847641828629394
202,2022,1,La Pampa,30.200415031402574
203,2022,1,La Rioja,20.96917417226944
204,2022,1,Mendoza,13.5994765497552
205,2022,1,Misiones,13.357539336702546
206,2022,1,Neuquén,22.07746042609429
207,2022,1,Río Negro,20.61822984084394
208,2022,1,Salta,13.588166053353753
209,2022,1,San Juan,11.092116468606637
210,2022,1,San Luis,23.101656231687382
211,2022,1,Santa Cruz,12.894297328809571
212,2022,1,Santa Fe,24.307396998934415
213,2022,1,Santiago Del Estero,11.706882132029497
214,2022,1,Tierra Del Fuego,29.13865104068589
215,2022,1,Tucumán,14.215533334298076
216,2021,4,Buenos Aires,25.36251411440295
217,2021,4,Capital Federal,45.848510714562856
218,2021,4,Catamarca,14.054223759225387
219,2021,4,Chaco,11.772399458164147
220,2021,4,Chubut,25.309325144656967
221,2021,4,Córdoba,25.873153715537683
222,2021,4,Corrientes,11.983198552620907
223,2021,4,Entre Ríos,18.88227767661483
224,2021,4,Formosa,8.768865242200624
225,2021,4,Jujuy,14.555241944242491
226,2021,4,La Pampa,29.509892061530994
227,2021,4,La Rioja,20.742382050283958
228,2021,4,Mendoza,13.25625900699059
229,2021,4,Misiones,13.363319043268442
230,2021,4,Neuquén,21.817563119077384
231,2021,4,Río Negro,20.205613568445425
232,2021,4,Salta,13.759337691497715
233,2021,4,San Juan,10.084133235970333
234,2021,4,San Luis,22.97895624197615
235,2021,4,Santa Cruz,12.808821353847454
236,2021,4,Santa Fe,24.23965799751964
237,2021,4,Santiago Del Estero,11.675440470480114
238,2021,4,Tierra Del Fuego,29.171007839182543
239,2021,4,Tucumán,13.852880446424063
240,2021,3,Buenos Aires,23.96989190399953
241,2021,3,Capital Federal,45.90038346526859
242,2021,3,Catamarca,13.407472376612356
243,2021,3,Chaco,11.48213456009956
244,2021,3,Chubut,24.738375502880167
245,2021,3,Córdoba,24.885957628675673
246,2021,3,Corrientes,11.8228555121759
247,2021,3,Entre Ríos,18.590565595869126
248,2021,3,Formosa,8.643582187295351
249,2021,3,Jujuy,14.240381868423986
250,2021,3,La Pampa,27.767891191051227
251,2021,3,La Rioja,20.565964530219404
252,2021,3,Mendoza,12.710228113581037
253,2021,3,Misiones,12.411772581325813
254,2021,3,Neuquén,20.74816202113861
255,2021,3,Río Negro,19.05925062746504
256,2021,3,Salta,13.55352602212216
257,2021,3,San Juan,10.050236642022515
258,2021,3,San Luis,22.857408818789526
259,2021,3,Santa Cruz,13.016254371883871
260,2021,3,Santa Fe,23.58815244581783
261,2021,3,Santiago Del Estero,11.660736690891678
262,2021,3,Tierra Del Fuego,28.150170112829368
263,2021,3,Tucumán,13.533446775711843
264,2021,2,Buenos Aires,23.35247372787298
265,2021,2,Capital Federal,45.48719048129489
266,2021,2,Catamarca,13.313748671467298
267,2021,2,Chaco,11.580041340539402
268,2021,2,Chubut,22.159781771420207
269,2021,2,Córdoba,24.528406291253745
270,2021,2,Corrientes,11.465064580129559
271,2021,2,Entre Ríos,18.435680632917915
272,2021,2,Formosa,8.456293049570467
273,2021,2,Jujuy,14.366784069218694
274,2021,2,La Pampa,27.043558440191944
275,2021,2,La Rioja,20.49158509575061
276,2021,2,Mendoza,11.433847066800618
277,2021,2,Misiones,12.26014659485293
278,2021,2,Neuquén,20.58023612564588
279,2021,2,Río Negro,19.052051860128394
280,2021,2,Salta,13.303441391384512
281,2021,2,San Juan,10.00671906693712
282,2021,2,San Luis,23.89055527674358
283,2021,2,Santa Cruz,13.096756425784957
284,2021,2,Santa Fe,23.60478745301367
285,2021,2,Santiago Del Estero,11.554388875216853
286,2021,2,Tierra Del Fuego,20.126647945777083
287,2021,2,Tucumán,13.606163819728007
288,2021,1,Buenos Aires,22.998353975762015
289,2021,1,Capital Federal,44.82699016464177
290,2021,1,Catamarca,12.438278918256517
291,2021,1,Chaco,11.528896477487843
292,2021,1,Chubut,21.147838315076264
293,2021,1,Córdoba,24.061371645661506
294,2021,1,Corrientes,11.234115869536096
295,2021,1,Entre Ríos,18.070581721504354
296,2021,1,Formosa,8.330895284429907
297,2021,1,Jujuy,14.226045966500736
298,2021,1,La Pampa,26.943299898725044
299,2021,1,La Rioja,13.258360163449572
300,2021,1,Mendoza,10.926002451479471
301,2021,1,Misiones,11.758811611223322
302,2021,1,Neuquén,19.895917331182986
303,2021,1,Río Negro,18.724905657874665
304,2021,1,Salta,13.061128426236175
305,2021,1,San Juan,9.948368694803314
306,2021,1,San Luis,23.24883515831701
307,2021,1,Santa Cruz,12.391825403443834
308,2021,1,Santa Fe,23.242382186130484
309,2021,1,Santiago Del Estero,11.334871169032645
310,2021,1,Tierra Del Fuego,22.9312154304354
311,2021,1,Tucumán,13.57896382467824
312,2020,4,Buenos Aires,22.90151153254686
313,2020,4,Capital Federal,44.833968426782796
314,2020,4,Catamarca,12.567459308545084
315,2020,4,Chaco,11.50064617804086
316,2020,4,Chubut,20.950871174621614
317,2020,4,Córdoba,23.904978675681004
318,2020,4,Corrientes,11.172002734788627
319,2020,4,Entre Ríos,17.78197083072765
320,2020,4,Formosa,8.268390853815193
321,2020,4,Jujuy,13.669623117135359
322,2020,4,La Pampa,26.940422171804798
323,2020,4,La Rioja,13.339129511730942
324,2020,4,Mendoza,10.779753857792285
325,2020,4,Misiones,11.614898792582805
326,2020,4,Neuquén,19.943555550895127
327,2020,4,Río Negro,18.789319055171752
328,2020,4,Salta,13.088389057411085
329,2020,4,San Juan,9.251858120163535
330,2020,4,San Luis,23.375314368474104
331,2020,4,Santa Cruz,11.008682660661702
332,2020,4,Santa Fe,23.136769743176906
333,2020,4,Santiago Del Estero,10.857437164805166
334,2020,4,Tierra Del Fuego,22.609569143137627
335,2020,4,Tucumán,13.57016980842894
336,2020,3,Buenos Aires,22.410088053440287
337,2020,3,Capital Federal,44.62274289719256
338,2020,3,Catamarca,11.995288801288368
339,2020,3,Chaco,11.102767361905425
340,2020,3,Chubut,20.94871530485329
341,2020,3,Córdoba,23.029708353509868
342,2020,3,Corrientes,10.993613616681577
343,2020,3,Entre Ríos,17.398110879051448
344,2020,3,Formosa,8.120337229392224
345,2020,3,Jujuy,13.820037033679931
346,2020,3,La Pampa,26.115702018823033
347,2020,3,La Rioja,13.341312020771634
348,2020,3,Mendoza,10.422355488053226
349,2020,3,Misiones,11.331798537010407
350,2020,3,Neuquén,19.42045929269766
351,2020,3,Río Negro,17.54802558517
352,2020,3,Salta,12.670239307125406
353,2020,3,San Juan,9.88083251128296
354,2020,3,San Luis,22.8839263803681
355,2020,3,Santa Cruz,10.697207032526524
356,2020,3,Santa Fe,22.677710522681583
357,2020,3,Santiago Del Estero,10.76484130094044
358,2020,3,Tierra Del Fuego,22.771515363810202
359,2020,3,Tucumán,13.184990703555616
360,2020,2,Buenos Aires,21.552858404836318
361,2020,2,Capital Federal,44.15182686820503
362,2020,2,Catamarca,11.556666835285702
363,2020,2,Chaco,10.646198278920558
364,2020,2,Chubut,17.577923412048097
365,2020,2,Córdoba,22.262629768284135
366,2020,2,Corrientes,10.613139950481656
367,2020,2,Entre Ríos,16.90464963972206
368,2020,2,Formosa,7.925539742616724
369,2020,2,Jujuy,12.246000275261045
370,2020,2,La Pampa,25.07384596485546
371,2020,2,La Rioja,13.267548880443243
372,2020,2,Mendoza,10.116652469373573
373,2020,2,Misiones,11.136919674351834
374,2020,2,Neuquén,19.02059866374008
375,2020,2,Río Negro,17.338453751536527
376,2020,2,Salta,12.492822821915325
377,2020,2,San Juan,8.939786450606132
378,2020,2,San Luis,22.440286647722235
379,2020,2,Santa Cruz,10.650675172081195
380,2020,2,Santa Fe,22.01189934872471
381,2020,2,Santiago Del Estero,10.787648634906734
382,2020,2,Tierra Del Fuego,22.642392447335883
383,2020,2,Tucumán,12.826796661758182
384,2020,1,Buenos Aires,21.208081014212762
385,2020,1,Capital Federal,44.02408243452466
386,2020,1,Catamarca,9.568286447482455
387,2020,1,Chaco,10.018358007806318
388,2020,1,Chubut,15.715139739949185
389,2020,1,Córdoba,21.64232669040361
390,2020,1,Corrientes,10.198192297264285
391,2020,1,Entre Ríos,16.779387594256768
392,2020,1,Formosa,7.693633209507935
393,2020,1,Jujuy,11.934505713694248
394,2020,1,La Pampa,24.96348894596364
395,2020,1,La Rioja,12.337423688670192
396,2020,1,Mendoza,9.248656325291032
397,2020,1,Misiones,10.627621055982175
398,2020,1,Neuquén,18.409872883598883
399,2020,1,Río Negro,16.95263605430754
400,2020,1,Salta,12.011697200976553
401,2020,1,San Juan,8.251277881190129
402,2020,1,San Luis,21.838769386372302
403,2020,1,Santa Cruz,10.704172537298618
404,2020,1,Santa Fe,21.86132458787361
405,2020,1,Santiago Del Estero,10.539212166838636
406,2020,1,Tierra Del Fuego,22.552553250860385
407,2020,1,Tucumán,11.852464901793745
408,2019,4,Buenos Aires,21.135089381908887
409,2019,4,Capital Federal,44.18705360861236
410,2019,4,Catamarca,9.268865071492511
411,2019,4,Chaco,9.84506318966921
412,2019,4,Chubut,15.677171185926401
413,2019,4,Córdoba,21.57949716642836
414,2019,4,Corrientes,10.208283637368018
415,2019,4,Entre Ríos,17.339132629892976
416,2019,4,Formosa,7.755476118924716
417,2019,4,Jujuy,11.60391510228381
418,2019,4,La Pampa,25.344921847620384
419,2019,4,La Rioja,12.547563567459605
420,2019,4,Mendoza,9.390112733918839
421,2019,4,Misiones,10.837581902491847
422,2019,4,Neuquén,17.668184976921886
423,2019,4,Río Negro,17.13387032217983
424,2019,4,Salta,12.195492805546795
425,2019,4,San Juan,8.36915261267133
426,2019,4,San Luis,21.441352893267833
427,2019,4,Santa Cruz,10.923427797723754
428,2019,4,Santa Fe,21.84835065573258
429,2019,4,Santiago Del Estero,10.651974288337923
430,2019,4,Tierra Del Fuego,23.627546752616215
431,2019,4,Tucumán,11.803181280712074
432,2019,3,Buenos Aires,22.761733615562225
433,2019,3,Capital Federal,46.904770893488056
434,2019,3,Catamarca,7.855954765218487
435,2019,3,Chaco,9.580664387529255
436,2019,3,Chubut,14.580466548718958
437,2019,3,Córdoba,21.000781776953538
438,2019,3,Corrientes,10.134028114178687
439,2019,3,Entre Ríos,17.311661825597923
440,2019,3,Formosa,7.664177713890219
441,2019,3,Jujuy,11.334206981241007
442,2019,3,La Pampa,25.519002705641388
443,2019,3,La Rioja,12.762431790856121
444,2019,3,Mendoza,11.368189016279217
445,2019,3,Misiones,10.713348334458951
446,2019,3,Neuquén,19.092075679641724
447,2019,3,Río Negro,19.508498591229387
448,2019,3,Salta,10.771854623416075
449,2019,3,San Juan,9.440941485226007
450,2019,3,San Luis,24.390971166174673
451,2019,3,Santa Cruz,10.601555192584216
452,2019,3,Santa Fe,21.656424746361633
453,2019,3,Santiago Del Estero,13.725288048364083
454,2019,3,Tierra Del Fuego,28.598925193212118
455,2019,3,Tucumán,9.781574184382116
456,2019,2,Buenos Aires,22.215789484298067
457,2019,2,Capital Federal,46.08592579281094
458,2019,2,Catamarca,8.173397032450584
459,2019,2,Chaco,9.125011329267105
460,2019,2,Chubut,14.403808727896068
461,2019,2,Córdoba,20.841637242238242
462,2019,2,Corrientes,10.047459019420458
463,2019,2,Entre Ríos,17.185820444672466
464,2019,2,Formosa,7.742195783956093
465,2019,2,Jujuy,11.382934590825071
466,2019,2,La Pampa,25.39783989548608
467,2019,2,La Rioja,12.965645588675004
468,2019,2,Mendoza,11.373356541672889
469,2019,2,Misiones,10.662825595018377
470,2019,2,Neuquén,18.777900805620252
471,2019,2,Río Negro,18.792276756346176
472,2019,2,Salta,10.146610869132008
473,2019,2,San Juan,9.068540162527924
474,2019,2,San Luis,23.40822663016059
475,2019,2,Santa Cruz,8.584064828655885
476,2019,2,Santa Fe,21.201130485144205
477,2019,2,Santiago Del Estero,13.101581339388986
478,2019,2,Tierra Del Fuego,28.10756382159569
479,2019,2,Tucumán,9.942460440805863
480,2019,1,Buenos Aires,21.64173785141924
481,2019,1,Capital Federal,45.57918389943661
482,2019,1,Catamarca,8.188504627374574
483,2019,1,Chaco,8.722835003407456
484,2019,1,Chubut,13.180368061670734
485,2019,1,Córdoba,20.05952769269671
486,2019,1,Corrientes,9.25199213887151
487,2019,1,Entre Ríos,16.979402393290254
488,2019,1,Formosa,7.55368578631946
489,2019,1,Jujuy,11.867849761055307
490,2019,1,La Pampa,25.157516640472675
491,2019,1,La Rioja,13.359402478637785
492,2019,1,Mendoza,10.508862067173826
493,2019,1,Misiones,9.87579609120626
494,2019,1,Neuquén,17.526490396034294
495,2019,1,Río Negro,16.478122478195964
496,2019,1,Salta,9.711781014403453
497,2019,1,San Juan,8.108982017265918
498,2019,1,San Luis,19.271779401291518
499,2019,1,Santa Cruz,7.042691634453057
500,2019,1,Santa Fe,21.059894917387947
501,2019,1,Santiago Del Estero,9.311616280949599
502,2019,1,Tierra Del Fuego,27.684925791261847
503,2019,1,Tucumán,10.31263096739148
504,2018,4,Buenos Aires,21.058833823398523
505,2018,4,Capital Federal,45.24931394036689
506,2018,4,Catamarca,8.197333541624968
507,2018,4,Chaco,8.7108351925502
508,2018,4,Chubut,13.061729706052178
509,2018,4,Córdoba,19.92843117514227
510,2018,4,Corrientes,9.102210657080787
511,2018,4,Entre Ríos,16.257794035384702
512,2018,4,Formosa,7.568639138457005
513,2018,4,Jujuy,11.899484192418539
514,2018,4,La Pampa,24.215175627605007
515,2018,4,La Rioja,13.402859048246764
516,2018,4,Mendoza,10.536933969997644
517,2018,4,Misiones,9.38376401334208
518,2018,4,Neuquén,17.58336203291432
519,2018,4,Río Negro,15.952033444971306
520,2018,4,Salta,9.639884990122159
521,2018,4,San Juan,8.125067548299477
522,2018,4,San Luis,19.332549309229275
523,2018,4,Santa Cruz,7.049080016507051
524,2018,4,Santa Fe,20.62373640643868
525,2018,4,Santiago Del Estero,9.2821177795649
526,2018,4,Tierra Del Fuego,27.748785315817887
527,2018,4,Tucumán,10.344120436439566
528,2018,3,Buenos Aires,20.95908740104848
529,2018,3,Capital Federal,45.37709204560748
530,2018,3,Catamarca,8.373046550087581
531,2018,3,Chaco,8.628583509513742
532,2018,3,Chubut,17.28630822939319
533,2018,3,Córdoba,19.66915749676994
534,2018,3,Corrientes,9.018948170247882
535,2018,3,Entre Ríos,15.016208210741233
536,2018,3,Formosa,7.5279498103121085
537,2018,3,Jujuy,5.949165647225797
538,2018,3,La Pampa,23.64056278957734
539,2018,3,La Rioja,13.505484520192356
540,2018,3,Mendoza,10.601969231966759
541,2018,3,Misiones,8.74450949017475
542,2018,3,Neuquén,18.005451709791327
543,2018,3,Río Negro,15.546572458298687
544,2018,3,Salta,9.549341341721156
545,2018,3,San Juan,8.419357955569252
546,2018,3,San Luis,14.983359875657099
547,2018,3,Santa Cruz,9.738987459252597
548,2018,3,Santa Fe,19.939106982732063
549,2018,3,Santiago Del Estero,8.996517443513934
550,2018,3,Tierra Del Fuego,27.506021696216745
551,2018,3,Tucumán,10.325137534986972
552,2018,2,Buenos Aires,20.374582324435124
553,2018,2,Capital Federal,44.632577746788044
554,2018,2,Catamarca,8.35838388395506
555,2018,2,Chaco,8.353123614291734
556,2018,2,Chubut,16.830485129144066
557,2018,2,Córdoba,19.373198551696014
558,2018,2,Corrientes,8.903247385340823
559,2018,2,Entre Ríos,14.711648453505866
560,2018,2,Formosa,7.4919076165093035
561,2018,2,Jujuy,5.9923974768014165
562,2018,2,La Pampa,23.40701065826804
563,2018,2,La Rioja,13.570922884408905
564,2018,2,Mendoza,10.318226443150964
565,2018,2,Misiones,8.61598877251767
566,2018,2,Neuquén,17.931877810369247
567,2018,2,Río Negro,15.42558308937726
568,2018,2,Salta,9.673102808845783
569,2018,2,San Juan,8.392841711641646
570,2018,2,San Luis,4.336137508962927
571,2018,2,Santa Cruz,9.919588050940062
572,2018,2,Santa Fe,19.675591530682105
573,2018,2,Santiago Del Estero,8.750160589339375
574,2018,2,Tierra Del Fuego,27.162316515991055
575,2018,2,Tucumán,10.283671207148597
576,2018,1,Buenos Aires,20.27965291057949
577,2018,1,Capital Federal,44.562961320417855
578,2018,1,Catamarca,8.342098537275874
579,2018,1,Chaco,8.240328535251999
580,2018,1,Chubut,16.466326556340928
581,2018,1,Córdoba,19.447381073339752
582,2018,1,Corrientes,8.60133260210877
583,2018,1,Entre Ríos,14.555673456325385
584,2018,1,Formosa,5.4480098282582645
585,2018,1,Jujuy,5.912829505826147
586,2018,1,La Pampa,23.64124866231016
587,2018,1,La Rioja,13.694770063119927
588,2018,1,Mendoza,10.345843091967911
589,2018,1,Misiones,8.432278416607307
590,2018,1,Neuquén,18.31283869735193
591,2018,1,Río Negro,15.323567091543692
592,2018,1,Salta,9.633845443846392
593,2018,1,San Juan,8.306800710570991
594,2018,1,San Luis,4.335615022675048
595,2018,1,Santa Cruz,9.98473486255572
596,2018,1,Santa Fe,19.584682368757406
597,2018,1,Santiago Del Estero,8.683504190530646
598,2018,1,Tierra Del Fuego,19.33152333431171
599,2018,1,Tucumán,10.200177350055142
600,2017,4,Buenos Aires,18.61464924835486
601,2017,4,Capital Federal,51.6167209151056
602,2017,4,Catamarca,7.280600419229377
603,2017,4,Chaco,8.234501979468078
604,2017,4,Chubut,15.77581593080522
605,2017,4,Córdoba,19.390857786793124
606,2017,4,Corrientes,8.562263620309615
607,2017,4,Entre Ríos,14.317635180183578
608,2017,4,Formosa,5.414060072151437
609,2017,4,Jujuy,5.81583543877829
610,2017,4,La Pampa,23.409929773918797
611,2017,4,La Rioja,13.727965660359493
612,2017,4,Mendoza,9.300280994440511
613,2017,4,Misiones,8.482789477895514
614,2017,4,Neuquén,18.2308851652642
615,2017,4,Río Negro,15.187813662722721
616,2017,4,Salta,9.638816535753657
617,2017,4,San Juan,7.718528602820455
618,2017,4,San Luis,3.0299272402737993
619,2017,4,Santa Cruz,8.603821648608145
620,2017,4,Santa Fe,19.405680474329014
621,2017,4,Santiago Del Estero,7.228687949666727
622,2017,4,Tierra Del Fuego,17.758493353028065
623,2017,4,Tucumán,9.883286960651205
624,2017,3,Buenos Aires,17.935870973592106
625,2017,3,Capital Federal,51.2444496511116
626,2017,3,Catamarca,8.265091234974188
627,2017,3,Chaco,8.012103738024656
628,2017,3,Chubut,14.16737183585357
629,2017,3,Córdoba,19.076953915608296
630,2017,3,Corrientes,8.470212670540503
631,2017,3,Entre Ríos,13.741494179292031
632,2017,3,Formosa,5.43429504811395
633,2017,3,Jujuy,5.791142800512126
634,2017,3,La Pampa,22.780807976856142
635,2017,3,La Rioja,13.700651079810719
636,2017,3,Mendoza,9.964323465862444
637,2017,3,Misiones,8.227833589371523
638,2017,3,Neuquén,18.10848135178631
639,2017,3,Río Negro,14.924361907723748
640,2017,3,Salta,9.649427484390076
641,2017,3,San Juan,8.245115565495915
642,2017,3,San Luis,4.429809174940647
643,2017,3,Santa Cruz,9.907366563740627
644,2017,3,Santa Fe,19.152164898849556
645,2017,3,Santiago Del Estero,8.716515836151316
646,2017,3,Tierra Del Fuego,19.492764396867877
647,2017,3,Tucumán,9.833448455500244
648,2017,2,Buenos Aires,18.104156481000473
649,2017,2,Capital Federal,52.236738675121046
650,2017,2,Catamarca,6.608185687419579
651,2017,2,Chaco,7.763587198662014
652,2017,2,Chubut,10.897114883440475
653,2017,2,Córdoba,18.05661531060883
654,2017,2,Corrientes,8.265165616133114
655,2017,2,Entre Ríos,13.571663585663645
656,2017,2,Formosa,5.0818187061685505
657,2017,2,Jujuy,5.729417105648426
658,2017,2,La Pampa,20.920811368324546
659,2017,2,La Rioja,4.313641371128342
660,2017,2,Mendoza,8.863231962926129
661,2017,2,Misiones,8.196262181174568
662,2017,2,Neuquén,18.43063459528346
663,2017,2,Río Negro,14.1565144707972
664,2017,2,Salta,7.929941866624195
665,2017,2,San Juan,6.869062671706707
666,2017,2,San Luis,2.7229996991951935
667,2017,2,Santa Cruz,7.812000426302888
668,2017,2,Santa Fe,16.436519275562326
669,2017,2,Santiago Del Estero,3.5041532386183105
670,2017,2,Tierra Del Fuego,20.30130511507835
671,2017,2,Tucumán,9.459823731438563
672,2017,1,Buenos Aires,18.804855031011677
673,2017,1,Capital Federal,45.687714654171046
674,2017,1,Catamarca,6.527341318167275
675,2017,1,Chaco,7.65022534015797
676,2017,1,Chubut,10.932503392025788
677,2017,1,Córdoba,17.652242570602198
678,2017,1,Corrientes,8.147787146784857
679,2017,1,Entre Ríos,13.427434245008815
680,2017,1,Formosa,5.050590921688212
681,2017,1,Jujuy,5.81976940765058
682,2017,1,La Pampa,20.649049712429974
683,2017,1,La Rioja,4.311444393660782
684,2017,1,Mendoza,8.886706245725367
685,2017,1,Misiones,8.041713210556319
686,2017,1,Neuquén,18.166254008454768
687,2017,1,Río Negro,14.158945655638249
688,2017,1,Salta,7.8901262912821775
689,2017,1,San Juan,6.887390312005832
690,2017,1,San Luis,2.7319835263877543
691,2017,1,Santa Cruz,7.89382704275053
692,2017,1,Santa Fe,16.34225474583628
693,2017,1,Santiago Del Estero,3.6488508898009986
694,2017,1,Tierra Del Fuego,20.435486705666722
695,2017,1,Tucumán,9.388852799951817
696,2016,4,Buenos Aires,18.578640735833826
697,2016,4,Capital Federal,45.78373827727234
698,2016,4,Catamarca,6.720813040873304
699,2016,4,Chaco,7.653240095890541
700,2016,4,Chubut,10.959254911598952
701,2016,4,Córdoba,17.57129145976522
702,2016,4,Corrientes,8.119896031116928
703,2016,4,Entre Ríos,13.451982739190726
704,2016,4,Formosa,5.02928480990009
705,2016,4,Jujuy,5.758804384392255
706,2016,4,La Pampa,20.670760836407798
707,2016,4,La Rioja,4.350562085368715
708,2016,4,Mendoza,8.910941733480245
709,2016,4,Misiones,8.047024567428018
710,2016,4,Neuquén,17.993247493890816
711,2016,4,Río Negro,14.170250609480686
712,2016,4,Salta,7.865487548426057
713,2016,4,San Juan,6.913287316652287
714,2016,4,San Luis,2.7410268293938924
715,2016,4,Santa Cruz,7.940780215262837
716,2016,4,Santa Fe,16.345011971501133
717,2016,4,Santiago Del Estero,3.719720429331573
718,2016,4,Tierra Del Fuego,20.57132386392357
719,2016,4,Tucumán,9.349553397483637
720,2016,3,Buenos Aires,18.295308597951934
721,2016,3,Capital Federal,45.85472026772204
722,2016,3,Catamarca,6.72059087375157
723,2016,3,Chaco,7.706877803276395
724,2016,3,Chubut,11.041169584989312
725,2016,3,Córdoba,17.78550480431242
726,2016,3,Corrientes,8.161726730902307
727,2016,3,Entre Ríos,13.552371996148606
728,2016,3,Formosa,4.733748023050463
729,2016,3,Jujuy,5.76400350138348
730,2016,3,La Pampa,20.294829381412075
731,2016,3,La Rioja,4.529887087279927
732,2016,3,Mendoza,8.930444449562124
733,2016,3,Misiones,8.121652823521027
734,2016,3,Neuquén,17.862151015228427
735,2016,3,Río Negro,14.220201565227184
736,2016,3,Salta,7.955372391224448
737,2016,3,San Juan,6.939188629814689
738,2016,3,San Luis,2.7472425273887247
739,2016,3,Santa Cruz,7.932484607529773
740,2016,3,Santa Fe,16.529361932364445
741,2016,3,Santiago Del Estero,3.794480871177055
742,2016,3,Tierra Del Fuego,20.307103192524696
743,2016,3,Tucumán,9.358616360369721
744,2016,2,Buenos Aires,18.098684568289556
745,2016,2,Capital Federal,45.59375712104128
746,2016,2,Catamarca,6.632980570132604
747,2016,2,Chaco,7.642896733294073
748,2016,2,Chubut,11.074824787933132
749,2016,2,Córdoba,17.620348014320207
750,2016,2,Corrientes,8.053039893831306
751,2016,2,Entre Ríos,13.377306134693265
752,2016,2,Formosa,4.930439412017454
753,2016,2,Jujuy,5.597761384701527
754,2016,2,La Pampa,19.91385540427254
755,2016,2,La Rioja,4.4934890589340855
756,2016,2,Mendoza,8.96594364845842
757,2016,2,Misiones,7.964976216879448
758,2016,2,Neuquén,17.594175765043765
759,2016,2,Río Negro,14.224291356155328
760,2016,2,Salta,7.770812428027119
761,2016,2,San Juan,6.964997582946448
762,2016,2,San Luis,2.7487304539676813
763,2016,2,Santa Cruz,7.955357767523354
764,2016,2,Santa Fe,16.489119309020037
765,2016,2,Santiago Del Estero,3.943453095409565
766,2016,2,Tierra Del Fuego,20.081326844262296
767,2016,2,Tucumán,9.224512334342581
768,2016,1,Buenos Aires,17.53507921643952
769,2016,1,Capital Federal,43.75778412718348
770,2016,1,Catamarca,6.606879526910472
771,2016,1,Chaco,7.524734075579937
772,2016,1,Chubut,11.115931499378867
773,2016,1,Córdoba,16.972666239608547
774,2016,1,Corrientes,7.940601449315725
775,2016,1,Entre Ríos,13.142540095674788
776,2016,1,Formosa,4.858053690123639
777,2016,1,Jujuy,5.491800261988138
778,2016,1,La Pampa,19.101771424266833
779,2016,1,La Rioja,4.4969582015400285
780,2016,1,Mendoza,8.990567825336337
781,2016,1,Misiones,7.751215322654614
782,2016,1,Neuquén,16.65921009321782
783,2016,1,Río Negro,14.14929460475045
784,2016,1,Salta,7.6113150931071925
785,2016,1,San Juan,6.982387580659241
786,2016,1,San Luis,2.752950183918377
787,2016,1,Santa Cruz,8.051419802811122
788,2016,1,Santa Fe,16.157804349232396
789,2016,1,Santiago Del Estero,4.032855070541266
790,2016,1,Tierra Del Fuego,19.6541853628346
791,2016,1,Tucumán,9.127106142747772
792,2015,4,Buenos Aires,17.683348856285942
793,2015,4,Capital Federal,44.832983780989366
794,2015,4,Catamarca,6.643394374998431
795,2015,4,Chaco,7.53670916277073
796,2015,4,Chubut,11.205552103480567
797,2015,4,Córdoba,17.46916799414709
798,2015,4,Corrientes,7.950363156694786
799,2015,4,Entre Ríos,13.123962308090587
800,2015,4,Formosa,4.8305631271657905
801,2015,4,Jujuy,5.458341251601313
802,2015,4,La Pampa,19.272161272149656
803,2015,4,La Rioja,4.577775134234902
804,2015,4,Mendoza,9.015907568565332
805,2015,4,Misiones,7.766317103077486
806,2015,4,Neuquén,17.22630452981118
807,2015,4,Río Negro,14.185024658290292
808,2015,4,Salta,7.599850568087338
809,2015,4,San Juan,7.007150043164227
810,2015,4,San Luis,2.759291577250979
811,2015,4,Santa Cruz,8.143243109871943
812,2015,4,Santa Fe,16.474943169318767
813,2015,4,Santiago Del Estero,4.197822731421939
814,2015,4,Tierra Del Fuego,19.441920240938828
815,2015,4,Tucumán,9.122607419100433
816,2015,3,Buenos Aires,17.5478839831824
817,2015,3,Capital Federal,44.91109222814752
818,2015,3,Catamarca,6.5638473961451576
819,2015,3,Chaco,7.454020298824401
820,2015,3,Chubut,11.233578169758335
821,2015,3,Córdoba,17.430734989025318
822,2015,3,Corrientes,7.9251911359201195
823,2015,3,Entre Ríos,13.027710914374044
824,2015,3,Formosa,4.783639923880968
825,2015,3,Jujuy,5.423454555427568
826,2015,3,La Pampa,19.055588379965016
827,2015,3,La Rioja,4.550079085806065
828,2015,3,Mendoza,9.042401990754488
829,2015,3,Misiones,7.687041384274881
830,2015,3,Neuquén,16.195213031371225
831,2015,3,Río Negro,14.21984560217436
832,2015,3,Salta,7.525378783060509
833,2015,3,San Juan,7.027462887351242
834,2015,3,San Luis,2.7688118552652248
835,2015,3,Santa Cruz,8.159354482038923
836,2015,3,Santa Fe,16.3639671637834
837,2015,3,Santiago Del Estero,4.237302719178804
838,2015,3,Tierra Del Fuego,22.04802112197417
839,2015,3,Tucumán,9.04046893117945
840,2015,2,Buenos Aires,17.32566254457297
841,2015,2,Capital Federal,44.08485428379352
842,2015,2,Catamarca,6.475144864314208
843,2015,2,Chaco,7.341229538625331
844,2015,2,Chubut,11.215678099350221
845,2015,2,Córdoba,17.106520102782877
846,2015,2,Corrientes,7.790823368355694
847,2015,2,Entre Ríos,12.837181261223597
848,2015,2,Formosa,4.673478484721786
849,2015,2,Jujuy,5.188392481356063
850,2015,2,La Pampa,18.685329046975873
851,2015,2,La Rioja,4.494678751214943
852,2015,2,Mendoza,9.068294493026901
853,2015,2,Misiones,7.4498150149300955
854,2015,2,Neuquén,15.814175161962616
855,2015,2,Río Negro,14.14343856592951
856,2015,2,Salta,7.378443804380798
857,2015,2,San Juan,7.042097078751527
858,2015,2,San Luis,2.778618445940834
859,2015,2,Santa Cruz,8.058063850217536
860,2015,2,Santa Fe,16.093025858679276
861,2015,2,Santiago Del Estero,4.2466687085071415
862,2015,2,Tierra Del Fuego,22.095953780047246
863,2015,2,Tucumán,8.841187690702666
864,2015,1,Buenos Aires,17.241393436944044
865,2015,1,Capital Federal,43.65872499007399
866,2015,1,Catamarca,6.4030169907943355
867,2015,1,Chaco,7.143089175357747
868,2015,1,Chubut,11.585798774556789
869,2015,1,Córdoba,16.79362190248589
870,2015,1,Corrientes,7.642568763996284
871,2015,1,Entre Ríos,12.609336086982932
872,2015,1,Formosa,4.62384901660949
873,2015,1,Jujuy,5.050879913471037
874,2015,1,La Pampa,18.332348933631966
875,2015,1,La Rioja,4.462324463144091
876,2015,1,Mendoza,9.059236417534116
877,2015,1,Misiones,7.1884830279667495
878,2015,1,Neuquén,15.526250068921229
879,2015,1,Río Negro,13.99387526238606
880,2015,1,Salta,7.2946429647847415
881,2015,1,San Juan,7.039582453142129
882,2015,1,San Luis,2.790401457622043
883,2015,1,Santa Cruz,8.391896957421542
884,2015,1,Santa Fe,15.832773292036375
885,2015,1,Santiago Del Estero,4.2444689547784344
886,2015,1,Tierra Del Fuego,22.16715476458662
887,2015,1,Tucumán,8.71860866450986
888,2014,4,Buenos Aires,17.0147634301905
889,2014,4,Capital Federal,43.604620676636536
890,2014,4,Catamarca,6.459254980059493
891,2014,4,Chaco,5.81368220415458
892,2014,4,Chubut,12.22355578461917
893,2014,4,Córdoba,16.655707331301695
894,2014,4,Corrientes,6.174655065970425
895,2014,4,Entre Ríos,10.718328095183363
896,2014,4,Formosa,4.549162969289201
897,2014,4,Jujuy,4.982003512117359
898,2014,4,La Pampa,16.816524623987434
899,2014,4,La Rioja,4.496901902725229
900,2014,4,Mendoza,9.056377705209336
901,2014,4,Misiones,6.540662222041546
902,2014,4,Neuquén,15.52866412077054
903,2014,4,Río Negro,13.889530185847859
904,2014,4,Salta,7.103785883014793
905,2014,4,San Juan,7.100961754619733
906,2014,4,San Luis,2.7819569555272006
907,2014,4,Santa Cruz,8.15757414246012
908,2014,4,Santa Fe,15.657532856900755
909,2014,4,Santiago Del Estero,4.26296198713424
910,2014,4,Tierra Del Fuego,19.341882280727507
911,2014,4,Tucumán,8.693215352295233
912,2014,3,Buenos Aires,17.26299843234104
913,2014,3,Capital Federal,43.20639959292724
914,2014,3,Catamarca,6.269890252791938
915,2014,3,Chaco,5.627757222300207
916,2014,3,Chubut,12.388234071451354
917,2014,3,Córdoba,16.5601374978714
918,2014,3,Corrientes,5.9862826719116935
919,2014,3,Entre Ríos,10.433826435850124
920,2014,3,Formosa,4.5129252671268265
921,2014,3,Jujuy,4.68339443034039
922,2014,3,La Pampa,18.33753400191527
923,2014,3,La Rioja,4.379035874747908
924,2014,3,Mendoza,8.992236937014606
925,2014,3,Misiones,6.399773666851879
926,2014,3,Neuquén,16.726688649309313
927,2014,3,Río Negro,14.159932806209634
928,2014,3,Salta,7.053549273694012
929,2014,3,San Juan,7.0752480415613945
930,2014,3,San Luis,2.770051341285783
931,2014,3,Santa Cruz,8.34323913237982
932,2014,3,Santa Fe,15.437988654617879
933,2014,3,Santiago Del Estero,4.082169590293595
934,2014,3,Tierra Del Fuego,19.344392262780588
935,2014,3,Tucumán,8.381678430058432
936,2014,2,Buenos Aires,16.794925434991658
937,2014,2,Capital Federal,42.974776961427445
938,2014,2,Catamarca,6.284355435383139
939,2014,2,Chaco,5.602127567276613
940,2014,2,Chubut,12.696289361395674
941,2014,2,Córdoba,16.365408420405306
942,2014,2,Corrientes,5.945267054468535
943,2014,2,Entre Ríos,10.372072065869386
944,2014,2,Formosa,4.464869672895974
945,2014,2,Jujuy,4.784095434078587
946,2014,2,La Pampa,16.379048903362197
947,2014,2,La Rioja,4.3933834187878436
948,2014,2,Mendoza,8.95860097015214
949,2014,2,Misiones,6.365807425994047
950,2014,2,Neuquén,15.137568029498313
951,2014,2,Río Negro,13.946569423268942
952,2014,2,Salta,7.004015501526469
953,2014,2,San Juan,7.077771062624967
954,2014,2,San Luis,2.781512264860477
955,2014,2,Santa Cruz,8.744673181156902
956,2014,2,Santa Fe,15.216957428230305
957,2014,2,Santiago Del Estero,4.143683147939005
958,2014,2,Tierra Del Fuego,19.08631433655622
959,2014,2,Tucumán,8.409488588173268
960,2014,1,Buenos Aires,16.692346018019045
961,2014,1,Capital Federal,42.655071630586406
962,2014,1,Catamarca,6.184614520776599
963,2014,1,Chaco,5.553671463702625
964,2014,1,Chubut,12.703590133239262
965,2014,1,Córdoba,16.125183143749393
966,2014,1,Corrientes,5.891708288681968
967,2014,1,Entre Ríos,10.302247104839328
968,2014,1,Formosa,4.444467754793774
969,2014,1,Jujuy,4.724302778829112
970,2014,1,La Pampa,15.994061954006705
971,2014,1,La Rioja,4.353174900044055
972,2014,1,Mendoza,8.933318322823283
973,2014,1,Misiones,6.323160981949705
974,2014,1,Neuquén,14.882265766507492
975,2014,1,Río Negro,13.867842232252002
976,2014,1,Salta,6.976877486214764
977,2014,1,San Juan,7.050796578649686
978,2014,1,San Luis,2.684668505334274
979,2014,1,Santa Cruz,8.677326900880571
980,2014,1,Santa Fe,15.077800919408592
981,2014,1,Santiago Del Estero,4.058899015580628
982,2014,1,Tierra Del Fuego,19.10492102645171
983,2014,1,Tucumán,8.307214637543202
